endpoint,year,session_key,file_path,row_count,file_size_bytes
drivers,2023,7779.0,/content/drive/MyDrive/openf1_big_data_pipeline/data/bronze/drivers/year=2023/session_key=7779.jsonl,20,8183
drivers,2023,7787.0,/content/drive/MyDrive/openf1_big_data_pipeline/data/bronze/drivers/year=2023/session_key=7787.jsonl,20,8183
drivers,2023,7953.0,/content/drive/MyDrive/openf1_big_data_pipeline/data/bronze/drivers/year=2023/session_key=7953.jsonl,20,8183
drivers,2023,9069.0,/content/drive/MyDrive/openf1_big_data_pipeline/data/bronze/drivers/year=2023/session_key=9069.jsonl,19,7773
drivers,2023,9070.0,/content/drive/MyDrive/openf1_big_data_pipeline/data/bronze/drivers/year=2023/session_key=9070.jsonl,20,8183
drivers,2023,9078.0,/content/drive/MyDrive/openf1_big_data_pipeline/data/bronze/drivers/year=2023/session_key=9078.jsonl,20,8183
drivers,2023,9094.0,/content/drive/MyDrive/openf1_big_data_pipeline/data/bronze/drivers/year=2023/session_key=9094.jsonl,20,8183
drivers,2023,9102.0,/content/drive/MyDrive/openf1_big_data_pipeline/data/bronze/drivers/year=2023/session_key=9102.jsonl,20,8183
drivers,2023,9110.0,/content/drive/MyDrive/openf1_big_data_pipeline/data/bronze/drivers/year=2023/session_key=9110.jsonl,20,8183
drivers,2023,9117.0,/content/drive/MyDrive/openf1_big_data_pipeline/data/bronze/drivers/year=2023/session_key=9117.jsonl,20,8183
drivers,2023,9118.0,/content/drive/MyDrive/openf1_big_data_pipeline/data/bronze/drivers/year=2023/session_key=9118.jsonl,20,8183
drivers,2023,9126.0,/content/drive/MyDrive/openf1_big_data_pipeline/data/bronze/drivers/year=2023/session_key=9126.jsonl,20,8183
drivers,2023,9133.0,/content/drive/MyDrive/openf1_big_data_pipeline/data/bronze/drivers/year=2023/session_key=9133.jsonl,20,8070
drivers,2023,9140.0,/content/drive/MyDrive/openf1_big_data_pipeline/data/bronze/drivers/year=2023/session_key=9140.jsonl,20,8070
drivers,2023,9141.0,/content/drive/MyDrive/openf1_big_data_pipeline/data/bronze/drivers/year=2023/session_key=9141.jsonl,20,8070
drivers,2023,9149.0,/content/drive/MyDrive/openf1_big_data_pipeline/data/bronze/drivers/year=2023/session_key=9149.jsonl,20,8058
drivers,2023,9157.0,/content/drive/MyDrive/openf1_big_data_pipeline/data/bronze/drivers/year=2023/session_key=9157.jsonl,20,8058
drivers,2023,9165.0,/content/drive/MyDrive/openf1_big_data_pipeline/data/bronze/drivers/year=2023/session_key=9165.jsonl,19,7651
drivers,2023,9173.0,/content/drive/MyDrive/openf1_big_data_pipeline/data/bronze/drivers/year=2023/session_key=9173.jsonl,20,8058
drivers,2023,9181.0,/content/drive/MyDrive/openf1_big_data_pipeline/data/bronze/drivers/year=2023/session_key=9181.jsonl,20,8070
drivers,2023,9205.0,/content/drive/MyDrive/openf1_big_data_pipeline/data/bronze/drivers/year=2023/session_key=9205.jsonl,20,8070
drivers,2023,9212.0,/content/drive/MyDrive/openf1_big_data_pipeline/data/bronze/drivers/year=2023/session_key=9212.jsonl,20,8070
drivers,2023,9213.0,/content/drive/MyDrive/openf1_big_data_pipeline/data/bronze/drivers/year=2023/session_key=9213.jsonl,20,8070
drivers,2023,9220.0,/content/drive/MyDrive/openf1_big_data_pipeline/data/bronze/drivers/year=2023/session_key=9220.jsonl,20,8058
drivers,2023,9221.0,/content/drive/MyDrive/openf1_big_data_pipeline/data/bronze/drivers/year=2023/session_key=9221.jsonl,20,8058
drivers,2024,9472.0,/content/drive/MyDrive/openf1_big_data_pipeline/data/bronze/drivers/year=2024/session_key=9472.jsonl,20,8776
drivers,2024,9480.0,/content/drive/MyDrive/openf1_big_data_pipeline/data/bronze/drivers/year=2024/session_key=9480.jsonl,20,8636
drivers,2024,9488.0,/content/drive/MyDrive/openf1_big_data_pipeline/data/bronze/drivers/year=2024/session_key=9488.jsonl,19,8336
drivers,2024,9496.0,/content/drive/MyDrive/openf1_big_data_pipeline/data/bronze/drivers/year=2024/session_key=9496.jsonl,20,8776
drivers,2024,9506.0,/content/drive/MyDrive/openf1_big_data_pipeline/data/bronze/drivers/year=2024/session_key=9506.jsonl,20,8776
drivers,2024,9507.0,/content/drive/MyDrive/openf1_big_data_pipeline/data/bronze/drivers/year=2024/session_key=9507.jsonl,20,8776
drivers,2024,9515.0,/content/drive/MyDrive/openf1_big_data_pipeline/data/bronze/drivers/year=2024/session_key=9515.jsonl,20,8776
drivers,2024,9523.0,/content/drive/MyDrive/openf1_big_data_pipeline/data/bronze/drivers/year=2024/session_key=9523.jsonl,20,8776
drivers,2024,9531.0,/content/drive/MyDrive/openf1_big_data_pipeline/data/bronze/drivers/year=2024/session_key=9531.jsonl,20,8776
drivers,2024,9539.0,/content/drive/MyDrive/openf1_big_data_pipeline/data/bronze/drivers/year=2024/session_key=9539.jsonl,20,8776
drivers,2024,9549.0,/content/drive/MyDrive/openf1_big_data_pipeline/data/bronze/drivers/year=2024/session_key=9549.jsonl,20,8776
drivers,2024,9550.0,/content/drive/MyDrive/openf1_big_data_pipeline/data/bronze/drivers/year=2024/session_key=9550.jsonl,20,8776
drivers,2024,9558.0,/content/drive/MyDrive/openf1_big_data_pipeline/data/bronze/drivers/year=2024/session_key=9558.jsonl,20,8776
drivers,2024,9566.0,/content/drive/MyDrive/openf1_big_data_pipeline/data/bronze/drivers/year=2024/session_key=9566.jsonl,20,8776
drivers,2024,9574.0,/content/drive/MyDrive/openf1_big_data_pipeline/data/bronze/drivers/year=2024/session_key=9574.jsonl,20,8776
drivers,2024,9582.0,/content/drive/MyDrive/openf1_big_data_pipeline/data/bronze/drivers/year=2024/session_key=9582.jsonl,20,8776
drivers,2024,9590.0,/content/drive/MyDrive/openf1_big_data_pipeline/data/bronze/drivers/year=2024/session_key=9590.jsonl,20,8634
drivers,2024,9598.0,/content/drive/MyDrive/openf1_big_data_pipeline/data/bronze/drivers/year=2024/session_key=9598.jsonl,20,8481
drivers,2024,9606.0,/content/drive/MyDrive/openf1_big_data_pipeline/data/bronze/drivers/year=2024/session_key=9606.jsonl,20,8634
drivers,2024,9616.0,/content/drive/MyDrive/openf1_big_data_pipeline/data/bronze/drivers/year=2024/session_key=9616.jsonl,20,8472
drivers,2024,9617.0,/content/drive/MyDrive/openf1_big_data_pipeline/data/bronze/drivers/year=2024/session_key=9617.jsonl,20,8472
drivers,2024,9625.0,/content/drive/MyDrive/openf1_big_data_pipeline/data/bronze/drivers/year=2024/session_key=9625.jsonl,20,8472
drivers,2024,9635.0,/content/drive/MyDrive/openf1_big_data_pipeline/data/bronze/drivers/year=2024/session_key=9635.jsonl,20,8319
drivers,2024,9636.0,/content/drive/MyDrive/openf1_big_data_pipeline/data/bronze/drivers/year=2024/session_key=9636.jsonl,20,8319
drivers,2024,9644.0,/content/drive/MyDrive/openf1_big_data_pipeline/data/bronze/drivers/year=2024/session_key=9644.jsonl,20,8472
drivers,2025,10006.0,/content/drive/MyDrive/openf1_big_data_pipeline/data/bronze/drivers/year=2025/session_key=10006.jsonl,20,8794
drivers,2025,10014.0,/content/drive/MyDrive/openf1_big_data_pipeline/data/bronze/drivers/year=2025/session_key=10014.jsonl,20,8794
drivers,2025,10022.0,/content/drive/MyDrive/openf1_big_data_pipeline/data/bronze/drivers/year=2025/session_key=10022.jsonl,20,8794
drivers,2025,10028.0,/content/drive/MyDrive/openf1_big_data_pipeline/data/bronze/drivers/year=2025/session_key=10028.jsonl,20,8794
drivers,2025,10033.0,/content/drive/MyDrive/openf1_big_data_pipeline/data/bronze/drivers/year=2025/session_key=10033.jsonl,20,8794
drivers,2025,9858.0,/content/drive/MyDrive/openf1_big_data_pipeline/data/bronze/drivers/year=2025/session_key=9858.jsonl,20,8643
drivers,2025,9864.0,/content/drive/MyDrive/openf1_big_data_pipeline/data/bronze/drivers/year=2025/session_key=9864.jsonl,20,8643
drivers,2025,9869.0,/content/drive/MyDrive/openf1_big_data_pipeline/data/bronze/drivers/year=2025/session_key=9869.jsonl,20,8643
drivers,2025,9877.0,/content/drive/MyDrive/openf1_big_data_pipeline/data/bronze/drivers/year=2025/session_key=9877.jsonl,20,8643
drivers,2025,9883.0,/content/drive/MyDrive/openf1_big_data_pipeline/data/bronze/drivers/year=2025/session_key=9883.jsonl,20,8643
drivers,2025,9888.0,/content/drive/MyDrive/openf1_big_data_pipeline/data/bronze/drivers/year=2025/session_key=9888.jsonl,20,8643
drivers,2025,9896.0,/content/drive/MyDrive/openf1_big_data_pipeline/data/bronze/drivers/year=2025/session_key=9896.jsonl,20,8643
drivers,2025,9904.0,/content/drive/MyDrive/openf1_big_data_pipeline/data/bronze/drivers/year=2025/session_key=9904.jsonl,20,8643
drivers,2025,9912.0,/content/drive/MyDrive/openf1_big_data_pipeline/data/bronze/drivers/year=2025/session_key=9912.jsonl,20,8643
drivers,2025,9920.0,/content/drive/MyDrive/openf1_big_data_pipeline/data/bronze/drivers/year=2025/session_key=9920.jsonl,20,8643
drivers,2025,9928.0,/content/drive/MyDrive/openf1_big_data_pipeline/data/bronze/drivers/year=2025/session_key=9928.jsonl,20,8643
drivers,2025,9934.0,/content/drive/MyDrive/openf1_big_data_pipeline/data/bronze/drivers/year=2025/session_key=9934.jsonl,20,8643
drivers,2025,9939.0,/content/drive/MyDrive/openf1_big_data_pipeline/data/bronze/drivers/year=2025/session_key=9939.jsonl,20,8643
drivers,2025,9947.0,/content/drive/MyDrive/openf1_big_data_pipeline/data/bronze/drivers/year=2025/session_key=9947.jsonl,20,8643
drivers,2025,9955.0,/content/drive/MyDrive/openf1_big_data_pipeline/data/bronze/drivers/year=2025/session_key=9955.jsonl,20,8643
drivers,2025,9963.0,/content/drive/MyDrive/openf1_big_data_pipeline/data/bronze/drivers/year=2025/session_key=9963.jsonl,20,8643
drivers,2025,9971.0,/content/drive/MyDrive/openf1_big_data_pipeline/data/bronze/drivers/year=2025/session_key=9971.jsonl,19,8207
drivers,2025,9979.0,/content/drive/MyDrive/openf1_big_data_pipeline/data/bronze/drivers/year=2025/session_key=9979.jsonl,20,8643
drivers,2025,9987.0,/content/drive/MyDrive/openf1_big_data_pipeline/data/bronze/drivers/year=2025/session_key=9987.jsonl,20,8643
drivers,2025,9993.0,/content/drive/MyDrive/openf1_big_data_pipeline/data/bronze/drivers/year=2025/session_key=9993.jsonl,20,8774
drivers,2025,9998.0,/content/drive/MyDrive/openf1_big_data_pipeline/data/bronze/drivers/year=2025/session_key=9998.jsonl,20,8774
laps,2023,7779.0,/content/drive/MyDrive/openf1_big_data_pipeline/data/bronze/laps/year=2023/session_key=7779.jsonl,945,506755
laps,2023,7787.0,/content/drive/MyDrive/openf1_big_data_pipeline/data/bronze/laps/year=2023/session_key=7787.jsonl,1006,520385
laps,2023,7953.0,/content/drive/MyDrive/openf1_big_data_pipeline/data/bronze/laps/year=2023/session_key=7953.jsonl,1058,585201
laps,2023,9069.0,/content/drive/MyDrive/openf1_big_data_pipeline/data/bronze/laps/year=2023/session_key=9069.jsonl,309,165568
laps,2023,9133.0,/content/drive/MyDrive/openf1_big_data_pipeline/data/bronze/laps/year=2023/session_key=9133.jsonl,1255,633565
laps,2023,9140.0,/content/drive/MyDrive/openf1_big_data_pipeline/data/bronze/laps/year=2023/session_key=9140.jsonl,210,114775
laps,2023,9141.0,/content/drive/MyDrive/openf1_big_data_pipeline/data/bronze/laps/year=2023/session_key=9141.jsonl,817,447946
laps,2023,9149.0,/content/drive/MyDrive/openf1_big_data_pipeline/data/bronze/laps/year=2023/session_key=9149.jsonl,1344,704090
laps,2023,9157.0,/content/drive/MyDrive/openf1_big_data_pipeline/data/bronze/laps/year=2023/session_key=9157.jsonl,968,515249
laps,2023,9165.0,/content/drive/MyDrive/openf1_big_data_pipeline/data/bronze/laps/year=2023/session_key=9165.jsonl,1091,578328
laps,2023,9173.0,/content/drive/MyDrive/openf1_big_data_pipeline/data/bronze/laps/year=2023/session_key=9173.jsonl,886,474217
laps,2023,9181.0,/content/drive/MyDrive/openf1_big_data_pipeline/data/bronze/laps/year=2023/session_key=9181.jsonl,1286,656705
laps,2023,9189.0,/content/drive/MyDrive/openf1_big_data_pipeline/data/bronze/laps/year=2023/session_key=9189.jsonl,949,486366
laps,2023,9197.0,/content/drive/MyDrive/openf1_big_data_pipeline/data/bronze/laps/year=2023/session_key=9197.jsonl,1159,607912
laps,2023,9204.0,/content/drive/MyDrive/openf1_big_data_pipeline/data/bronze/laps/year=2023/session_key=9204.jsonl,480,242763
laps,2023,9205.0,/content/drive/MyDrive/openf1_big_data_pipeline/data/bronze/laps/year=2023/session_key=9205.jsonl,1112,561906
laps,2023,9212.0,/content/drive/MyDrive/openf1_big_data_pipeline/data/bronze/laps/year=2023/session_key=9212.jsonl,379,193896
laps,2023,9213.0,/content/drive/MyDrive/openf1_big_data_pipeline/data/bronze/laps/year=2023/session_key=9213.jsonl,1017,520471
laps,2023,9220.0,/content/drive/MyDrive/openf1_big_data_pipeline/data/bronze/laps/year=2023/session_key=9220.jsonl,323,168841
laps,2023,9221.0,/content/drive/MyDrive/openf1_big_data_pipeline/data/bronze/laps/year=2023/session_key=9221.jsonl,1009,528361
laps,2024,9472.0,/content/drive/MyDrive/openf1_big_data_pipeline/data/bronze/laps/year=2024/session_key=9472.jsonl,1129,627120
laps,2024,9480.0,/content/drive/MyDrive/openf1_big_data_pipeline/data/bronze/laps/year=2024/session_key=9480.jsonl,902,484539
laps,2024,9488.0,/content/drive/MyDrive/openf1_big_data_pipeline/data/bronze/laps/year=2024/session_key=9488.jsonl,998,518027
laps,2024,9496.0,/content/drive/MyDrive/openf1_big_data_pipeline/data/bronze/laps/year=2024/session_key=9496.jsonl,908,487596
laps,2024,9506.0,/content/drive/MyDrive/openf1_big_data_pipeline/data/bronze/laps/year=2024/session_key=9506.jsonl,345,185044
laps,2024,9507.0,/content/drive/MyDrive/openf1_big_data_pipeline/data/bronze/laps/year=2024/session_key=9507.jsonl,1112,597390
laps,2024,9515.0,/content/drive/MyDrive/openf1_big_data_pipeline/data/bronze/laps/year=2024/session_key=9515.jsonl,1239,635741
laps,2024,9523.0,/content/drive/MyDrive/openf1_big_data_pipeline/data/bronze/laps/year=2024/session_key=9523.jsonl,1237,634442
laps,2024,9531.0,/content/drive/MyDrive/openf1_big_data_pipeline/data/bronze/laps/year=2024/session_key=9531.jsonl,1272,637284
laps,2024,9539.0,/content/drive/MyDrive/openf1_big_data_pipeline/data/bronze/laps/year=2024/session_key=9539.jsonl,1310,672236
laps,2024,9549.0,/content/drive/MyDrive/openf1_big_data_pipeline/data/bronze/laps/year=2024/session_key=9549.jsonl,460,233198
laps,2024,9550.0,/content/drive/MyDrive/openf1_big_data_pipeline/data/bronze/laps/year=2024/session_key=9550.jsonl,1407,713334
laps,2024,9558.0,/content/drive/MyDrive/openf1_big_data_pipeline/data/bronze/laps/year=2024/session_key=9558.jsonl,962,516846
laps,2024,9566.0,/content/drive/MyDrive/openf1_big_data_pipeline/data/bronze/laps/year=2024/session_key=9566.jsonl,1356,688040
laps,2024,9635.0,/content/drive/MyDrive/openf1_big_data_pipeline/data/bronze/laps/year=2024/session_key=9635.jsonl,479,242664
laps,2024,9636.0,/content/drive/MyDrive/openf1_big_data_pipeline/data/bronze/laps/year=2024/session_key=9636.jsonl,1137,576612
laps,2024,9644.0,/content/drive/MyDrive/openf1_big_data_pipeline/data/bronze/laps/year=2024/session_key=9644.jsonl,940,482087
laps,2024,9654.0,/content/drive/MyDrive/openf1_big_data_pipeline/data/bronze/laps/year=2024/session_key=9654.jsonl,380,199486
laps,2024,9655.0,/content/drive/MyDrive/openf1_big_data_pipeline/data/bronze/laps/year=2024/session_key=9655.jsonl,944,495824
laps,2024,9662.0,/content/drive/MyDrive/openf1_big_data_pipeline/data/bronze/laps/year=2024/session_key=9662.jsonl,1037,544364
laps,2024,9672.0,/content/drive/MyDrive/openf1_big_data_pipeline/data/bronze/laps/year=2024/session_key=9672.jsonl,379,196887
laps,2024,9673.0,/content/drive/MyDrive/openf1_big_data_pipeline/data/bronze/laps/year=2024/session_key=9673.jsonl,1033,536822
laps,2025,9693.0,/content/drive/MyDrive/openf1_big_data_pipeline/data/bronze/laps/year=2025/session_key=9693.jsonl,928,481581
laps,2025,9839.0,/content/drive/MyDrive/openf1_big_data_pipeline/data/bronze/laps/year=2025/session_key=9839.jsonl,1156,613971
laps,2025,9845.0,/content/drive/MyDrive/openf1_big_data_pipeline/data/bronze/laps/year=2025/session_key=9845.jsonl,380,201828
laps,2025,9850.0,/content/drive/MyDrive/openf1_big_data_pipeline/data/bronze/laps/year=2025/session_key=9850.jsonl,1070,568252
laps,2025,9858.0,/content/drive/MyDrive/openf1_big_data_pipeline/data/bronze/laps/year=2025/session_key=9858.jsonl,888,461694
laps,2025,9864.0,/content/drive/MyDrive/openf1_big_data_pipeline/data/bronze/laps/year=2025/session_key=9864.jsonl,444,227498
laps,2025,9869.0,/content/drive/MyDrive/openf1_big_data_pipeline/data/bronze/laps/year=2025/session_key=9869.jsonl,1252,642534
laps,2025,9877.0,/content/drive/MyDrive/openf1_big_data_pipeline/data/bronze/laps/year=2025/session_key=9877.jsonl,1266,656944
laps,2025,9883.0,/content/drive/MyDrive/openf1_big_data_pipeline/data/bronze/laps/year=2025/session_key=9883.jsonl,320,165908
laps,2025,9888.0,/content/drive/MyDrive/openf1_big_data_pipeline/data/bronze/laps/year=2025/session_key=9888.jsonl,1067,554425
laps,2025,9896.0,/content/drive/MyDrive/openf1_big_data_pipeline/data/bronze/laps/year=2025/session_key=9896.jsonl,1229,653204
laps,2025,9904.0,/content/drive/MyDrive/openf1_big_data_pipeline/data/bronze/laps/year=2025/session_key=9904.jsonl,968,526520
laps,2025,9912.0,/content/drive/MyDrive/openf1_big_data_pipeline/data/bronze/laps/year=2025/session_key=9912.jsonl,976,506845
laps,2025,9920.0,/content/drive/MyDrive/openf1_big_data_pipeline/data/bronze/laps/year=2025/session_key=9920.jsonl,1365,725078
laps,2025,9928.0,/content/drive/MyDrive/openf1_big_data_pipeline/data/bronze/laps/year=2025/session_key=9928.jsonl,1369,702902
laps,2025,9934.0,/content/drive/MyDrive/openf1_big_data_pipeline/data/bronze/laps/year=2025/session_key=9934.jsonl,298,165496
laps,2025,9939.0,/content/drive/MyDrive/openf1_big_data_pipeline/data/bronze/laps/year=2025/session_key=9939.jsonl,879,489029
laps,2025,9947.0,/content/drive/MyDrive/openf1_big_data_pipeline/data/bronze/laps/year=2025/session_key=9947.jsonl,827,448805
laps,2025,9955.0,/content/drive/MyDrive/openf1_big_data_pipeline/data/bronze/laps/year=2025/session_key=9955.jsonl,1128,578686
laps,2025,9963.0,/content/drive/MyDrive/openf1_big_data_pipeline/data/bronze/laps/year=2025/session_key=9963.jsonl,1349,676000
laps,2025,9971.0,/content/drive/MyDrive/openf1_big_data_pipeline/data/bronze/laps/year=2025/session_key=9971.jsonl,1204,617382
laps,2025,9979.0,/content/drive/MyDrive/openf1_big_data_pipeline/data/bronze/laps/year=2025/session_key=9979.jsonl,1425,731019
meetings,2023,,/content/drive/MyDrive/openf1_big_data_pipeline/data/bronze/meetings/year=2023/meetings.jsonl,24,19105
meetings,2024,,/content/drive/MyDrive/openf1_big_data_pipeline/data/bronze/meetings/year=2024/meetings.jsonl,25,19867
meetings,2025,,/content/drive/MyDrive/openf1_big_data_pipeline/data/bronze/meetings/year=2025/meetings.jsonl,25,19904
pit,2023,9102.0,/content/drive/MyDrive/openf1_big_data_pipeline/data/bronze/pit/year=2023/session_key=9102.jsonl,43,8330
pit,2023,9110.0,/content/drive/MyDrive/openf1_big_data_pipeline/data/bronze/pit/year=2023/session_key=9110.jsonl,33,6390
pit,2023,9117.0,/content/drive/MyDrive/openf1_big_data_pipeline/data/bronze/pit/year=2023/session_key=9117.jsonl,11,2133
pit,2023,9118.0,/content/drive/MyDrive/openf1_big_data_pipeline/data/bronze/pit/year=2023/session_key=9118.jsonl,63,12189
pit,2023,9126.0,/content/drive/MyDrive/openf1_big_data_pipeline/data/bronze/pit/year=2023/session_key=9126.jsonl,24,4652
pit,2023,9133.0,/content/drive/MyDrive/openf1_big_data_pipeline/data/bronze/pit/year=2023/session_key=9133.jsonl,36,6972
pit,2023,9140.0,/content/drive/MyDrive/openf1_big_data_pipeline/data/bronze/pit/year=2023/session_key=9140.jsonl,10,1927
pit,2023,9141.0,/content/drive/MyDrive/openf1_big_data_pipeline/data/bronze/pit/year=2023/session_key=9141.jsonl,37,7159
pit,2023,9149.0,/content/drive/MyDrive/openf1_big_data_pipeline/data/bronze/pit/year=2023/session_key=9149.jsonl,101,19632
pit,2023,9157.0,/content/drive/MyDrive/openf1_big_data_pipeline/data/bronze/pit/year=2023/session_key=9157.jsonl,25,4847
pit,2023,9165.0,/content/drive/MyDrive/openf1_big_data_pipeline/data/bronze/pit/year=2023/session_key=9165.jsonl,25,4845
pit,2023,9173.0,/content/drive/MyDrive/openf1_big_data_pipeline/data/bronze/pit/year=2023/session_key=9173.jsonl,43,8329
pit,2023,9181.0,/content/drive/MyDrive/openf1_big_data_pipeline/data/bronze/pit/year=2023/session_key=9181.jsonl,38,7433
pit,2023,9189.0,/content/drive/MyDrive/openf1_big_data_pipeline/data/bronze/pit/year=2023/session_key=9189.jsonl,31,6005
pit,2023,9197.0,/content/drive/MyDrive/openf1_big_data_pipeline/data/bronze/pit/year=2023/session_key=9197.jsonl,37,7168
pit,2023,9205.0,/content/drive/MyDrive/openf1_big_data_pipeline/data/bronze/pit/year=2023/session_key=9205.jsonl,67,13016
pit,2023,9213.0,/content/drive/MyDrive/openf1_big_data_pipeline/data/bronze/pit/year=2023/session_key=9213.jsonl,36,6975
pit,2023,9220.0,/content/drive/MyDrive/openf1_big_data_pipeline/data/bronze/pit/year=2023/session_key=9220.jsonl,3,582
pit,2023,9221.0,/content/drive/MyDrive/openf1_big_data_pipeline/data/bronze/pit/year=2023/session_key=9221.jsonl,54,10462
pit,2024,9472.0,/content/drive/MyDrive/openf1_big_data_pipeline/data/bronze/pit/year=2024/session_key=9472.jsonl,43,8330
pit,2024,9480.0,/content/drive/MyDrive/openf1_big_data_pipeline/data/bronze/pit/year=2024/session_key=9480.jsonl,19,3668
pit,2024,9550.0,/content/drive/MyDrive/openf1_big_data_pipeline/data/bronze/pit/year=2024/session_key=9550.jsonl,45,8718
pit,2024,9558.0,/content/drive/MyDrive/openf1_big_data_pipeline/data/bronze/pit/year=2024/session_key=9558.jsonl,45,8722
pit,2024,9566.0,/content/drive/MyDrive/openf1_big_data_pipeline/data/bronze/pit/year=2024/session_key=9566.jsonl,40,7743
pit,2024,9574.0,/content/drive/MyDrive/openf1_big_data_pipeline/data/bronze/pit/year=2024/session_key=9574.jsonl,34,6583
pit,2024,9582.0,/content/drive/MyDrive/openf1_big_data_pipeline/data/bronze/pit/year=2024/session_key=9582.jsonl,26,5040
pit,2024,9590.0,/content/drive/MyDrive/openf1_big_data_pipeline/data/bronze/pit/year=2024/session_key=9590.jsonl,30,5814
pit,2024,9598.0,/content/drive/MyDrive/openf1_big_data_pipeline/data/bronze/pit/year=2024/session_key=9598.jsonl,22,4263
pit,2024,9606.0,/content/drive/MyDrive/openf1_big_data_pipeline/data/bronze/pit/year=2024/session_key=9606.jsonl,23,4457
pit,2024,9617.0,/content/drive/MyDrive/openf1_big_data_pipeline/data/bronze/pit/year=2024/session_key=9617.jsonl,23,4521
pit,2024,9625.0,/content/drive/MyDrive/openf1_big_data_pipeline/data/bronze/pit/year=2024/session_key=9625.jsonl,21,4127
pit,2024,9636.0,/content/drive/MyDrive/openf1_big_data_pipeline/data/bronze/pit/year=2024/session_key=9636.jsonl,35,6885
pit,2024,9644.0,/content/drive/MyDrive/openf1_big_data_pipeline/data/bronze/pit/year=2024/session_key=9644.jsonl,39,7667
pit,2024,9654.0,/content/drive/MyDrive/openf1_big_data_pipeline/data/bronze/pit/year=2024/session_key=9654.jsonl,2,395
pit,2024,9655.0,/content/drive/MyDrive/openf1_big_data_pipeline/data/bronze/pit/year=2024/session_key=9655.jsonl,60,11712
pit,2024,9662.0,/content/drive/MyDrive/openf1_big_data_pipeline/data/bronze/pit/year=2024/session_key=9662.jsonl,28,5507
pit,2024,9672.0,/content/drive/MyDrive/openf1_big_data_pipeline/data/bronze/pit/year=2024/session_key=9672.jsonl,1,194
pit,2024,9673.0,/content/drive/MyDrive/openf1_big_data_pipeline/data/bronze/pit/year=2024/session_key=9673.jsonl,40,7746
pit,2025,10006.0,/content/drive/MyDrive/openf1_big_data_pipeline/data/bronze/pit/year=2025/session_key=10006.jsonl,21,4150
pit,2025,10014.0,/content/drive/MyDrive/openf1_big_data_pipeline/data/bronze/pit/year=2025/session_key=10014.jsonl,42,8277
pit,2025,10022.0,/content/drive/MyDrive/openf1_big_data_pipeline/data/bronze/pit/year=2025/session_key=10022.jsonl,19,3751
pit,2025,10028.0,/content/drive/MyDrive/openf1_big_data_pipeline/data/bronze/pit/year=2025/session_key=10028.jsonl,20,3947
pit,2025,10033.0,/content/drive/MyDrive/openf1_big_data_pipeline/data/bronze/pit/year=2025/session_key=10033.jsonl,18,3556
pit,2025,9693.0,/content/drive/MyDrive/openf1_big_data_pipeline/data/bronze/pit/year=2025/session_key=9693.jsonl,82,15934
pit,2025,9839.0,/content/drive/MyDrive/openf1_big_data_pipeline/data/bronze/pit/year=2025/session_key=9839.jsonl,27,5308
pit,2025,9845.0,/content/drive/MyDrive/openf1_big_data_pipeline/data/bronze/pit/year=2025/session_key=9845.jsonl,3,591
pit,2025,9850.0,/content/drive/MyDrive/openf1_big_data_pipeline/data/bronze/pit/year=2025/session_key=9850.jsonl,41,8044
pit,2025,9858.0,/content/drive/MyDrive/openf1_big_data_pipeline/data/bronze/pit/year=2025/session_key=9858.jsonl,23,4518
pit,2025,9864.0,/content/drive/MyDrive/openf1_big_data_pipeline/data/bronze/pit/year=2025/session_key=9864.jsonl,19,3737
pit,2025,9869.0,/content/drive/MyDrive/openf1_big_data_pipeline/data/bronze/pit/year=2025/session_key=9869.jsonl,37,7271
pit,2025,9877.0,/content/drive/MyDrive/openf1_big_data_pipeline/data/bronze/pit/year=2025/session_key=9877.jsonl,27,5303
pit,2025,9883.0,/content/drive/MyDrive/openf1_big_data_pipeline/data/bronze/pit/year=2025/session_key=9883.jsonl,3,589
pit,2025,9888.0,/content/drive/MyDrive/openf1_big_data_pipeline/data/bronze/pit/year=2025/session_key=9888.jsonl,21,4125
pit,2025,9963.0,/content/drive/MyDrive/openf1_big_data_pipeline/data/bronze/pit/year=2025/session_key=9963.jsonl,82,15985
pit,2025,9971.0,/content/drive/MyDrive/openf1_big_data_pipeline/data/bronze/pit/year=2025/session_key=9971.jsonl,54,10620
pit,2025,9979.0,/content/drive/MyDrive/openf1_big_data_pipeline/data/bronze/pit/year=2025/session_key=9979.jsonl,40,7858
pit,2025,9987.0,/content/drive/MyDrive/openf1_big_data_pipeline/data/bronze/pit/year=2025/session_key=9987.jsonl,37,7275
pit,2025,9993.0,/content/drive/MyDrive/openf1_big_data_pipeline/data/bronze/pit/year=2025/session_key=9993.jsonl,1,193
pit,2025,9998.0,/content/drive/MyDrive/openf1_big_data_pipeline/data/bronze/pit/year=2025/session_key=9998.jsonl,25,4913
position,2023,7779.0,/content/drive/MyDrive/openf1_big_data_pipeline/data/bronze/position/year=2023/session_key=7779.jsonl,343,42385
position,2023,7787.0,/content/drive/MyDrive/openf1_big_data_pipeline/data/bronze/position/year=2023/session_key=7787.jsonl,479,59160
position,2023,7953.0,/content/drive/MyDrive/openf1_big_data_pipeline/data/bronze/position/year=2023/session_key=7953.jsonl,666,82268
position,2023,9069.0,/content/drive/MyDrive/openf1_big_data_pipeline/data/bronze/position/year=2023/session_key=9069.jsonl,98,12104
position,2023,9070.0,/content/drive/MyDrive/openf1_big_data_pipeline/data/bronze/position/year=2023/session_key=9070.jsonl,325,40183
position,2023,9078.0,/content/drive/MyDrive/openf1_big_data_pipeline/data/bronze/position/year=2023/session_key=9078.jsonl,430,53124
position,2023,9094.0,/content/drive/MyDrive/openf1_big_data_pipeline/data/bronze/position/year=2023/session_key=9094.jsonl,300,37078
position,2023,9157.0,/content/drive/MyDrive/openf1_big_data_pipeline/data/bronze/position/year=2023/session_key=9157.jsonl,472,58261
position,2023,9165.0,/content/drive/MyDrive/openf1_big_data_pipeline/data/bronze/position/year=2023/session_key=9165.jsonl,405,50035
position,2023,9173.0,/content/drive/MyDrive/openf1_big_data_pipeline/data/bronze/position/year=2023/session_key=9173.jsonl,523,64599
position,2023,9181.0,/content/drive/MyDrive/openf1_big_data_pipeline/data/bronze/position/year=2023/session_key=9181.jsonl,564,69649
position,2023,9189.0,/content/drive/MyDrive/openf1_big_data_pipeline/data/bronze/position/year=2023/session_key=9189.jsonl,628,77521
position,2023,9197.0,/content/drive/MyDrive/openf1_big_data_pipeline/data/bronze/position/year=2023/session_key=9197.jsonl,692,85410
position,2023,9204.0,/content/drive/MyDrive/openf1_big_data_pipeline/data/bronze/position/year=2023/session_key=9204.jsonl,189,23364
position,2023,9205.0,/content/drive/MyDrive/openf1_big_data_pipeline/data/bronze/position/year=2023/session_key=9205.jsonl,444,54804
position,2023,9212.0,/content/drive/MyDrive/openf1_big_data_pipeline/data/bronze/position/year=2023/session_key=9212.jsonl,141,17436
position,2023,9213.0,/content/drive/MyDrive/openf1_big_data_pipeline/data/bronze/position/year=2023/session_key=9213.jsonl,537,66273
position,2023,9220.0,/content/drive/MyDrive/openf1_big_data_pipeline/data/bronze/position/year=2023/session_key=9220.jsonl,358,44201
position,2023,9221.0,/content/drive/MyDrive/openf1_big_data_pipeline/data/bronze/position/year=2023/session_key=9221.jsonl,1058,130619
position,2024,9472.0,/content/drive/MyDrive/openf1_big_data_pipeline/data/bronze/position/year=2024/session_key=9472.jsonl,698,86157
position,2024,9480.0,/content/drive/MyDrive/openf1_big_data_pipeline/data/bronze/position/year=2024/session_key=9480.jsonl,229,28278
position,2024,9488.0,/content/drive/MyDrive/openf1_big_data_pipeline/data/bronze/position/year=2024/session_key=9488.jsonl,442,54585
position,2024,9496.0,/content/drive/MyDrive/openf1_big_data_pipeline/data/bronze/position/year=2024/session_key=9496.jsonl,443,54678
position,2024,9506.0,/content/drive/MyDrive/openf1_big_data_pipeline/data/bronze/position/year=2024/session_key=9506.jsonl,160,19772
position,2024,9507.0,/content/drive/MyDrive/openf1_big_data_pipeline/data/bronze/position/year=2024/session_key=9507.jsonl,403,49808
position,2024,9515.0,/content/drive/MyDrive/openf1_big_data_pipeline/data/bronze/position/year=2024/session_key=9515.jsonl,308,38029
position,2024,9523.0,/content/drive/MyDrive/openf1_big_data_pipeline/data/bronze/position/year=2024/session_key=9523.jsonl,127,15691
position,2024,9531.0,/content/drive/MyDrive/openf1_big_data_pipeline/data/bronze/position/year=2024/session_key=9531.jsonl,406,50163
position,2024,9539.0,/content/drive/MyDrive/openf1_big_data_pipeline/data/bronze/position/year=2024/session_key=9539.jsonl,744,91870
position,2024,9549.0,/content/drive/MyDrive/openf1_big_data_pipeline/data/bronze/position/year=2024/session_key=9549.jsonl,78,9630
position,2024,9550.0,/content/drive/MyDrive/openf1_big_data_pipeline/data/bronze/position/year=2024/session_key=9550.jsonl,591,73035
position,2024,9558.0,/content/drive/MyDrive/openf1_big_data_pipeline/data/bronze/position/year=2024/session_key=9558.jsonl,252,31083
position,2024,9566.0,/content/drive/MyDrive/openf1_big_data_pipeline/data/bronze/position/year=2024/session_key=9566.jsonl,552,68170
position,2024,9574.0,/content/drive/MyDrive/openf1_big_data_pipeline/data/bronze/position/year=2024/session_key=9574.jsonl,539,66516
position,2024,9582.0,/content/drive/MyDrive/openf1_big_data_pipeline/data/bronze/position/year=2024/session_key=9582.jsonl,540,66683
position,2024,9590.0,/content/drive/MyDrive/openf1_big_data_pipeline/data/bronze/position/year=2024/session_key=9590.jsonl,482,59506
position,2024,9598.0,/content/drive/MyDrive/openf1_big_data_pipeline/data/bronze/position/year=2024/session_key=9598.jsonl,359,44331
position,2024,9662.0,/content/drive/MyDrive/openf1_big_data_pipeline/data/bronze/position/year=2024/session_key=9662.jsonl,508,62765
position,2024,9672.0,/content/drive/MyDrive/openf1_big_data_pipeline/data/bronze/position/year=2024/session_key=9672.jsonl,209,25816
position,2024,9673.0,/content/drive/MyDrive/openf1_big_data_pipeline/data/bronze/position/year=2024/session_key=9673.jsonl,617,76223
position,2025,10006.0,/content/drive/MyDrive/openf1_big_data_pipeline/data/bronze/position/year=2025/session_key=10006.jsonl,281,34953
position,2025,10014.0,/content/drive/MyDrive/openf1_big_data_pipeline/data/bronze/position/year=2025/session_key=10014.jsonl,1179,146605
position,2025,9693.0,/content/drive/MyDrive/openf1_big_data_pipeline/data/bronze/position/year=2025/session_key=9693.jsonl,335,41312
position,2025,9839.0,/content/drive/MyDrive/openf1_big_data_pipeline/data/bronze/position/year=2025/session_key=9839.jsonl,668,82547
position,2025,9845.0,/content/drive/MyDrive/openf1_big_data_pipeline/data/bronze/position/year=2025/session_key=9845.jsonl,175,21569
position,2025,9850.0,/content/drive/MyDrive/openf1_big_data_pipeline/data/bronze/position/year=2025/session_key=9850.jsonl,476,58710
position,2025,9858.0,/content/drive/MyDrive/openf1_big_data_pipeline/data/bronze/position/year=2025/session_key=9858.jsonl,329,40631
position,2025,9864.0,/content/drive/MyDrive/openf1_big_data_pipeline/data/bronze/position/year=2025/session_key=9864.jsonl,148,18285
position,2025,9869.0,/content/drive/MyDrive/openf1_big_data_pipeline/data/bronze/position/year=2025/session_key=9869.jsonl,759,93685
position,2025,9877.0,/content/drive/MyDrive/openf1_big_data_pipeline/data/bronze/position/year=2025/session_key=9877.jsonl,593,73186
position,2025,9883.0,/content/drive/MyDrive/openf1_big_data_pipeline/data/bronze/position/year=2025/session_key=9883.jsonl,231,28533
position,2025,9888.0,/content/drive/MyDrive/openf1_big_data_pipeline/data/bronze/position/year=2025/session_key=9888.jsonl,387,47811
position,2025,9896.0,/content/drive/MyDrive/openf1_big_data_pipeline/data/bronze/position/year=2025/session_key=9896.jsonl,454,56117
position,2025,9904.0,/content/drive/MyDrive/openf1_big_data_pipeline/data/bronze/position/year=2025/session_key=9904.jsonl,334,41246
position,2025,9912.0,/content/drive/MyDrive/openf1_big_data_pipeline/data/bronze/position/year=2025/session_key=9912.jsonl,421,51972
position,2025,9920.0,/content/drive/MyDrive/openf1_big_data_pipeline/data/bronze/position/year=2025/session_key=9920.jsonl,483,59715
position,2025,9928.0,/content/drive/MyDrive/openf1_big_data_pipeline/data/bronze/position/year=2025/session_key=9928.jsonl,482,59554
position,2025,9934.0,/content/drive/MyDrive/openf1_big_data_pipeline/data/bronze/position/year=2025/session_key=9934.jsonl,65,8033
position,2025,9939.0,/content/drive/MyDrive/openf1_big_data_pipeline/data/bronze/position/year=2025/session_key=9939.jsonl,275,33994
position,2025,9947.0,/content/drive/MyDrive/openf1_big_data_pipeline/data/bronze/position/year=2025/session_key=9947.jsonl,538,66376
position,2025,9955.0,/content/drive/MyDrive/openf1_big_data_pipeline/data/bronze/position/year=2025/session_key=9955.jsonl,519,64048
position,2025,9963.0,/content/drive/MyDrive/openf1_big_data_pipeline/data/bronze/position/year=2025/session_key=9963.jsonl,550,67859
position,2025,9971.0,/content/drive/MyDrive/openf1_big_data_pipeline/data/bronze/position/year=2025/session_key=9971.jsonl,590,72890
position,2025,9979.0,/content/drive/MyDrive/openf1_big_data_pipeline/data/bronze/position/year=2025/session_key=9979.jsonl,339,41853
position,2025,9987.0,/content/drive/MyDrive/openf1_big_data_pipeline/data/bronze/position/year=2025/session_key=9987.jsonl,498,61515
position,2025,9993.0,/content/drive/MyDrive/openf1_big_data_pipeline/data/bronze/position/year=2025/session_key=9993.jsonl,114,14074
position,2025,9998.0,/content/drive/MyDrive/openf1_big_data_pipeline/data/bronze/position/year=2025/session_key=9998.jsonl,461,56916
race_control,2023,9094.0,/content/drive/MyDrive/openf1_big_data_pipeline/data/bronze/race_control/year=2023/session_key=9094.jsonl,244,68273
race_control,2023,9102.0,/content/drive/MyDrive/openf1_big_data_pipeline/data/bronze/race_control/year=2023/session_key=9102.jsonl,49,13938
race_control,2023,9110.0,/content/drive/MyDrive/openf1_big_data_pipeline/data/bronze/race_control/year=2023/session_key=9110.jsonl,77,21455
race_control,2023,9117.0,/content/drive/MyDrive/openf1_big_data_pipeline/data/bronze/race_control/year=2023/session_key=9117.jsonl,46,12407
race_control,2023,9118.0,/content/drive/MyDrive/openf1_big_data_pipeline/data/bronze/race_control/year=2023/session_key=9118.jsonl,212,61524
race_control,2023,9126.0,/content/drive/MyDrive/openf1_big_data_pipeline/data/bronze/race_control/year=2023/session_key=9126.jsonl,46,12948
race_control,2023,9133.0,/content/drive/MyDrive/openf1_big_data_pipeline/data/bronze/race_control/year=2023/session_key=9133.jsonl,87,24583
race_control,2023,9140.0,/content/drive/MyDrive/openf1_big_data_pipeline/data/bronze/race_control/year=2023/session_key=9140.jsonl,86,22560
race_control,2023,9141.0,/content/drive/MyDrive/openf1_big_data_pipeline/data/bronze/race_control/year=2023/session_key=9141.jsonl,56,15243
race_control,2023,9149.0,/content/drive/MyDrive/openf1_big_data_pipeline/data/bronze/race_control/year=2023/session_key=9149.jsonl,78,21389
race_control,2023,9157.0,/content/drive/MyDrive/openf1_big_data_pipeline/data/bronze/race_control/year=2023/session_key=9157.jsonl,45,12957
race_control,2023,9165.0,/content/drive/MyDrive/openf1_big_data_pipeline/data/bronze/race_control/year=2023/session_key=9165.jsonl,76,21046
race_control,2023,9173.0,/content/drive/MyDrive/openf1_big_data_pipeline/data/bronze/race_control/year=2023/session_key=9173.jsonl,73,20430
race_control,2023,9181.0,/content/drive/MyDrive/openf1_big_data_pipeline/data/bronze/race_control/year=2023/session_key=9181.jsonl,100,26811
race_control,2023,9189.0,/content/drive/MyDrive/openf1_big_data_pipeline/data/bronze/race_control/year=2023/session_key=9189.jsonl,75,20368
race_control,2023,9197.0,/content/drive/MyDrive/openf1_big_data_pipeline/data/bronze/race_control/year=2023/session_key=9197.jsonl,67,20084
race_control,2023,9204.0,/content/drive/MyDrive/openf1_big_data_pipeline/data/bronze/race_control/year=2023/session_key=9204.jsonl,12,3098
race_control,2023,9205.0,/content/drive/MyDrive/openf1_big_data_pipeline/data/bronze/race_control/year=2023/session_key=9205.jsonl,55,14831
race_control,2023,9212.0,/content/drive/MyDrive/openf1_big_data_pipeline/data/bronze/race_control/year=2023/session_key=9212.jsonl,40,12061
race_control,2023,9213.0,/content/drive/MyDrive/openf1_big_data_pipeline/data/bronze/race_control/year=2023/session_key=9213.jsonl,81,23423
race_control,2023,9220.0,/content/drive/MyDrive/openf1_big_data_pipeline/data/bronze/race_control/year=2023/session_key=9220.jsonl,65,18053
race_control,2023,9221.0,/content/drive/MyDrive/openf1_big_data_pipeline/data/bronze/race_control/year=2023/session_key=9221.jsonl,137,40066
race_control,2024,9472.0,/content/drive/MyDrive/openf1_big_data_pipeline/data/bronze/race_control/year=2024/session_key=9472.jsonl,71,19915
race_control,2024,9480.0,/content/drive/MyDrive/openf1_big_data_pipeline/data/bronze/race_control/year=2024/session_key=9480.jsonl,68,19222
race_control,2024,9488.0,/content/drive/MyDrive/openf1_big_data_pipeline/data/bronze/race_control/year=2024/session_key=9488.jsonl,84,22973
race_control,2024,9496.0,/content/drive/MyDrive/openf1_big_data_pipeline/data/bronze/race_control/year=2024/session_key=9496.jsonl,70,19425
race_control,2024,9506.0,/content/drive/MyDrive/openf1_big_data_pipeline/data/bronze/race_control/year=2024/session_key=9506.jsonl,58,16485
race_control,2024,9507.0,/content/drive/MyDrive/openf1_big_data_pipeline/data/bronze/race_control/year=2024/session_key=9507.jsonl,77,22245
race_control,2024,9515.0,/content/drive/MyDrive/openf1_big_data_pipeline/data/bronze/race_control/year=2024/session_key=9515.jsonl,100,28110
race_control,2024,9590.0,/content/drive/MyDrive/openf1_big_data_pipeline/data/bronze/race_control/year=2024/session_key=9590.jsonl,61,17585
race_control,2024,9598.0,/content/drive/MyDrive/openf1_big_data_pipeline/data/bronze/race_control/year=2024/session_key=9598.jsonl,115,30421
race_control,2024,9606.0,/content/drive/MyDrive/openf1_big_data_pipeline/data/bronze/race_control/year=2024/session_key=9606.jsonl,63,18016
race_control,2024,9616.0,/content/drive/MyDrive/openf1_big_data_pipeline/data/bronze/race_control/year=2024/session_key=9616.jsonl,53,15962
race_control,2024,9617.0,/content/drive/MyDrive/openf1_big_data_pipeline/data/bronze/race_control/year=2024/session_key=9617.jsonl,120,34862
race_control,2024,9625.0,/content/drive/MyDrive/openf1_big_data_pipeline/data/bronze/race_control/year=2024/session_key=9625.jsonl,120,33166
race_control,2024,9635.0,/content/drive/MyDrive/openf1_big_data_pipeline/data/bronze/race_control/year=2024/session_key=9635.jsonl,22,5803
race_control,2024,9636.0,/content/drive/MyDrive/openf1_big_data_pipeline/data/bronze/race_control/year=2024/session_key=9636.jsonl,111,30961
race_control,2024,9644.0,/content/drive/MyDrive/openf1_big_data_pipeline/data/bronze/race_control/year=2024/session_key=9644.jsonl,37,10506
race_control,2024,9654.0,/content/drive/MyDrive/openf1_big_data_pipeline/data/bronze/race_control/year=2024/session_key=9654.jsonl,29,7898
race_control,2024,9655.0,/content/drive/MyDrive/openf1_big_data_pipeline/data/bronze/race_control/year=2024/session_key=9655.jsonl,112,31681
race_control,2024,9662.0,/content/drive/MyDrive/openf1_big_data_pipeline/data/bronze/race_control/year=2024/session_key=9662.jsonl,131,37173
race_control,2024,9672.0,/content/drive/MyDrive/openf1_big_data_pipeline/data/bronze/race_control/year=2024/session_key=9672.jsonl,21,6086
race_control,2024,9673.0,/content/drive/MyDrive/openf1_big_data_pipeline/data/bronze/race_control/year=2024/session_key=9673.jsonl,58,16496
race_control,2025,10006.0,/content/drive/MyDrive/openf1_big_data_pipeline/data/bronze/race_control/year=2025/session_key=10006.jsonl,25,7245
race_control,2025,10014.0,/content/drive/MyDrive/openf1_big_data_pipeline/data/bronze/race_control/year=2025/session_key=10014.jsonl,93,27426
race_control,2025,10022.0,/content/drive/MyDrive/openf1_big_data_pipeline/data/bronze/race_control/year=2025/session_key=10022.jsonl,67,19021
race_control,2025,10028.0,/content/drive/MyDrive/openf1_big_data_pipeline/data/bronze/race_control/year=2025/session_key=10028.jsonl,109,29399
race_control,2025,10033.0,/content/drive/MyDrive/openf1_big_data_pipeline/data/bronze/race_control/year=2025/session_key=10033.jsonl,78,21565
race_control,2025,9693.0,/content/drive/MyDrive/openf1_big_data_pipeline/data/bronze/race_control/year=2025/session_key=9693.jsonl,115,31202
race_control,2025,9839.0,/content/drive/MyDrive/openf1_big_data_pipeline/data/bronze/race_control/year=2025/session_key=9839.jsonl,109,32809
race_control,2025,9845.0,/content/drive/MyDrive/openf1_big_data_pipeline/data/bronze/race_control/year=2025/session_key=9845.jsonl,63,17790
race_control,2025,9850.0,/content/drive/MyDrive/openf1_big_data_pipeline/data/bronze/race_control/year=2025/session_key=9850.jsonl,81,23383
race_control,2025,9858.0,/content/drive/MyDrive/openf1_big_data_pipeline/data/bronze/race_control/year=2025/session_key=9858.jsonl,63,17571
race_control,2025,9864.0,/content/drive/MyDrive/openf1_big_data_pipeline/data/bronze/race_control/year=2025/session_key=9864.jsonl,54,14384
race_control,2025,9869.0,/content/drive/MyDrive/openf1_big_data_pipeline/data/bronze/race_control/year=2025/session_key=9869.jsonl,58,16133
race_control,2025,9877.0,/content/drive/MyDrive/openf1_big_data_pipeline/data/bronze/race_control/year=2025/session_key=9877.jsonl,78,22546
race_control,2025,9883.0,/content/drive/MyDrive/openf1_big_data_pipeline/data/bronze/race_control/year=2025/session_key=9883.jsonl,71,19838
race_control,2025,9888.0,/content/drive/MyDrive/openf1_big_data_pipeline/data/bronze/race_control/year=2025/session_key=9888.jsonl,81,23082
race_control,2025,9896.0,/content/drive/MyDrive/openf1_big_data_pipeline/data/bronze/race_control/year=2025/session_key=9896.jsonl,121,34272
race_control,2025,9904.0,/content/drive/MyDrive/openf1_big_data_pipeline/data/bronze/race_control/year=2025/session_key=9904.jsonl,73,19600
race_control,2025,9912.0,/content/drive/MyDrive/openf1_big_data_pipeline/data/bronze/race_control/year=2025/session_key=9912.jsonl,73,21515
race_control,2025,9920.0,/content/drive/MyDrive/openf1_big_data_pipeline/data/bronze/race_control/year=2025/session_key=9920.jsonl,110,30502
race_control,2025,9928.0,/content/drive/MyDrive/openf1_big_data_pipeline/data/bronze/race_control/year=2025/session_key=9928.jsonl,95,26985
race_control,2025,9934.0,/content/drive/MyDrive/openf1_big_data_pipeline/data/bronze/race_control/year=2025/session_key=9934.jsonl,83,21652
session_result,2023,7779.0,/content/drive/MyDrive/openf1_big_data_pipeline/data/bronze/session_result/year=2023/session_key=7779.jsonl,20,4090
session_result,2023,7787.0,/content/drive/MyDrive/openf1_big_data_pipeline/data/bronze/session_result/year=2023/session_key=7787.jsonl,20,4041
session_result,2023,7953.0,/content/drive/MyDrive/openf1_big_data_pipeline/data/bronze/session_result/year=2023/session_key=7953.jsonl,20,4080
session_result,2023,9069.0,/content/drive/MyDrive/openf1_big_data_pipeline/data/bronze/session_result/year=2023/session_key=9069.jsonl,19,3885
session_result,2023,9070.0,/content/drive/MyDrive/openf1_big_data_pipeline/data/bronze/session_result/year=2023/session_key=9070.jsonl,20,4090
session_result,2023,9078.0,/content/drive/MyDrive/openf1_big_data_pipeline/data/bronze/session_result/year=2023/session_key=9078.jsonl,20,4096
session_result,2023,9094.0,/content/drive/MyDrive/openf1_big_data_pipeline/data/bronze/session_result/year=2023/session_key=9094.jsonl,20,4075
session_result,2023,9102.0,/content/drive/MyDrive/openf1_big_data_pipeline/data/bronze/session_result/year=2023/session_key=9102.jsonl,20,4085
session_result,2023,9110.0,/content/drive/MyDrive/openf1_big_data_pipeline/data/bronze/session_result/year=2023/session_key=9110.jsonl,20,4083
session_result,2023,9117.0,/content/drive/MyDrive/openf1_big_data_pipeline/data/bronze/session_result/year=2023/session_key=9117.jsonl,20,4102
session_result,2023,9118.0,/content/drive/MyDrive/openf1_big_data_pipeline/data/bronze/session_result/year=2023/session_key=9118.jsonl,20,4084
session_result,2023,9126.0,/content/drive/MyDrive/openf1_big_data_pipeline/data/bronze/session_result/year=2023/session_key=9126.jsonl,20,4083
session_result,2023,9133.0,/content/drive/MyDrive/openf1_big_data_pipeline/data/bronze/session_result/year=2023/session_key=9133.jsonl,20,4072
session_result,2023,9140.0,/content/drive/MyDrive/openf1_big_data_pipeline/data/bronze/session_result/year=2023/session_key=9140.jsonl,20,4082
session_result,2023,9141.0,/content/drive/MyDrive/openf1_big_data_pipeline/data/bronze/session_result/year=2023/session_key=9141.jsonl,20,4094
session_result,2023,9149.0,/content/drive/MyDrive/openf1_big_data_pipeline/data/bronze/session_result/year=2023/session_key=9149.jsonl,20,4087
session_result,2023,9157.0,/content/drive/MyDrive/openf1_big_data_pipeline/data/bronze/session_result/year=2023/session_key=9157.jsonl,20,4088
session_result,2023,9165.0,/content/drive/MyDrive/openf1_big_data_pipeline/data/bronze/session_result/year=2023/session_key=9165.jsonl,19,3876
session_result,2023,9173.0,/content/drive/MyDrive/openf1_big_data_pipeline/data/bronze/session_result/year=2023/session_key=9173.jsonl,20,4071
session_result,2023,9181.0,/content/drive/MyDrive/openf1_big_data_pipeline/data/bronze/session_result/year=2023/session_key=9181.jsonl,20,4073
session_result,2023,9189.0,/content/drive/MyDrive/openf1_big_data_pipeline/data/bronze/session_result/year=2023/session_key=9189.jsonl,20,4080
session_result,2023,9197.0,/content/drive/MyDrive/openf1_big_data_pipeline/data/bronze/session_result/year=2023/session_key=9197.jsonl,20,4094
session_result,2023,9204.0,/content/drive/MyDrive/openf1_big_data_pipeline/data/bronze/session_result/year=2023/session_key=9204.jsonl,20,4096
session_result,2023,9205.0,/content/drive/MyDrive/openf1_big_data_pipeline/data/bronze/session_result/year=2023/session_key=9205.jsonl,20,4063
session_result,2024,9472.0,/content/drive/MyDrive/openf1_big_data_pipeline/data/bronze/session_result/year=2024/session_key=9472.jsonl,20,4084
session_result,2024,9480.0,/content/drive/MyDrive/openf1_big_data_pipeline/data/bronze/session_result/year=2024/session_key=9480.jsonl,20,4082
session_result,2024,9507.0,/content/drive/MyDrive/openf1_big_data_pipeline/data/bronze/session_result/year=2024/session_key=9507.jsonl,20,4098
session_result,2024,9515.0,/content/drive/MyDrive/openf1_big_data_pipeline/data/bronze/session_result/year=2024/session_key=9515.jsonl,20,4080
session_result,2024,9523.0,/content/drive/MyDrive/openf1_big_data_pipeline/data/bronze/session_result/year=2024/session_key=9523.jsonl,20,4067
session_result,2024,9531.0,/content/drive/MyDrive/openf1_big_data_pipeline/data/bronze/session_result/year=2024/session_key=9531.jsonl,20,4074
session_result,2024,9539.0,/content/drive/MyDrive/openf1_big_data_pipeline/data/bronze/session_result/year=2024/session_key=9539.jsonl,20,4086
session_result,2024,9549.0,/content/drive/MyDrive/openf1_big_data_pipeline/data/bronze/session_result/year=2024/session_key=9549.jsonl,20,4096
session_result,2024,9550.0,/content/drive/MyDrive/openf1_big_data_pipeline/data/bronze/session_result/year=2024/session_key=9550.jsonl,20,4089
session_result,2024,9558.0,/content/drive/MyDrive/openf1_big_data_pipeline/data/bronze/session_result/year=2024/session_key=9558.jsonl,20,4084
session_result,2024,9566.0,/content/drive/MyDrive/openf1_big_data_pipeline/data/bronze/session_result/year=2024/session_key=9566.jsonl,20,4082
session_result,2024,9574.0,/content/drive/MyDrive/openf1_big_data_pipeline/data/bronze/session_result/year=2024/session_key=9574.jsonl,20,4088
session_result,2024,9582.0,/content/drive/MyDrive/openf1_big_data_pipeline/data/bronze/session_result/year=2024/session_key=9582.jsonl,20,4085
session_result,2024,9590.0,/content/drive/MyDrive/openf1_big_data_pipeline/data/bronze/session_result/year=2024/session_key=9590.jsonl,20,4086
session_result,2024,9598.0,/content/drive/MyDrive/openf1_big_data_pipeline/data/bronze/session_result/year=2024/session_key=9598.jsonl,20,4079
session_result,2024,9606.0,/content/drive/MyDrive/openf1_big_data_pipeline/data/bronze/session_result/year=2024/session_key=9606.jsonl,20,4071
session_result,2024,9616.0,/content/drive/MyDrive/openf1_big_data_pipeline/data/bronze/session_result/year=2024/session_key=9616.jsonl,20,4095
session_result,2024,9617.0,/content/drive/MyDrive/openf1_big_data_pipeline/data/bronze/session_result/year=2024/session_key=9617.jsonl,20,4087
session_result,2024,9625.0,/content/drive/MyDrive/openf1_big_data_pipeline/data/bronze/session_result/year=2024/session_key=9625.jsonl,20,4069
session_result,2024,9635.0,/content/drive/MyDrive/openf1_big_data_pipeline/data/bronze/session_result/year=2024/session_key=9635.jsonl,20,4094
session_result,2024,9636.0,/content/drive/MyDrive/openf1_big_data_pipeline/data/bronze/session_result/year=2024/session_key=9636.jsonl,20,4083
session_result,2024,9644.0,/content/drive/MyDrive/openf1_big_data_pipeline/data/bronze/session_result/year=2024/session_key=9644.jsonl,20,4094
session_result,2024,9654.0,/content/drive/MyDrive/openf1_big_data_pipeline/data/bronze/session_result/year=2024/session_key=9654.jsonl,20,4093
session_result,2024,9655.0,/content/drive/MyDrive/openf1_big_data_pipeline/data/bronze/session_result/year=2024/session_key=9655.jsonl,20,4071
session_result,2024,9662.0,/content/drive/MyDrive/openf1_big_data_pipeline/data/bronze/session_result/year=2024/session_key=9662.jsonl,20,4072
session_result,2024,9672.0,/content/drive/MyDrive/openf1_big_data_pipeline/data/bronze/session_result/year=2024/session_key=9672.jsonl,20,4087
session_result,2024,9673.0,/content/drive/MyDrive/openf1_big_data_pipeline/data/bronze/session_result/year=2024/session_key=9673.jsonl,20,4086
session_result,2025,10006.0,/content/drive/MyDrive/openf1_big_data_pipeline/data/bronze/session_result/year=2025/session_key=10006.jsonl,20,4118
session_result,2025,10014.0,/content/drive/MyDrive/openf1_big_data_pipeline/data/bronze/session_result/year=2025/session_key=10014.jsonl,20,4115
session_result,2025,10022.0,/content/drive/MyDrive/openf1_big_data_pipeline/data/bronze/session_result/year=2025/session_key=10022.jsonl,20,4102
session_result,2025,10028.0,/content/drive/MyDrive/openf1_big_data_pipeline/data/bronze/session_result/year=2025/session_key=10028.jsonl,20,4084
session_result,2025,10033.0,/content/drive/MyDrive/openf1_big_data_pipeline/data/bronze/session_result/year=2025/session_key=10033.jsonl,20,4097
session_result,2025,9693.0,/content/drive/MyDrive/openf1_big_data_pipeline/data/bronze/session_result/year=2025/session_key=9693.jsonl,20,4070
session_result,2025,9839.0,/content/drive/MyDrive/openf1_big_data_pipeline/data/bronze/session_result/year=2025/session_key=9839.jsonl,20,4098
session_result,2025,9845.0,/content/drive/MyDrive/openf1_big_data_pipeline/data/bronze/session_result/year=2025/session_key=9845.jsonl,20,4097
session_result,2025,9850.0,/content/drive/MyDrive/openf1_big_data_pipeline/data/bronze/session_result/year=2025/session_key=9850.jsonl,20,4072
session_result,2025,9858.0,/content/drive/MyDrive/openf1_big_data_pipeline/data/bronze/session_result/year=2025/session_key=9858.jsonl,20,4080
session_result,2025,9928.0,/content/drive/MyDrive/openf1_big_data_pipeline/data/bronze/session_result/year=2025/session_key=9928.jsonl,20,4077
session_result,2025,9934.0,/content/drive/MyDrive/openf1_big_data_pipeline/data/bronze/session_result/year=2025/session_key=9934.jsonl,20,4092
session_result,2025,9939.0,/content/drive/MyDrive/openf1_big_data_pipeline/data/bronze/session_result/year=2025/session_key=9939.jsonl,20,4102
session_result,2025,9947.0,/content/drive/MyDrive/openf1_big_data_pipeline/data/bronze/session_result/year=2025/session_key=9947.jsonl,20,4074
session_result,2025,9955.0,/content/drive/MyDrive/openf1_big_data_pipeline/data/bronze/session_result/year=2025/session_key=9955.jsonl,20,4062
session_result,2025,9963.0,/content/drive/MyDrive/openf1_big_data_pipeline/data/bronze/session_result/year=2025/session_key=9963.jsonl,20,4066
session_result,2025,9971.0,/content/drive/MyDrive/openf1_big_data_pipeline/data/bronze/session_result/year=2025/session_key=9971.jsonl,19,3888
session_result,2025,9979.0,/content/drive/MyDrive/openf1_big_data_pipeline/data/bronze/session_result/year=2025/session_key=9979.jsonl,20,4077
session_result,2025,9987.0,/content/drive/MyDrive/openf1_big_data_pipeline/data/bronze/session_result/year=2025/session_key=9987.jsonl,20,4093
session_result,2025,9993.0,/content/drive/MyDrive/openf1_big_data_pipeline/data/bronze/session_result/year=2025/session_key=9993.jsonl,20,4095
session_result,2025,9998.0,/content/drive/MyDrive/openf1_big_data_pipeline/data/bronze/session_result/year=2025/session_key=9998.jsonl,20,4083
sessions,2023,,/content/drive/MyDrive/openf1_big_data_pipeline/data/bronze/sessions/year=2023/sessions.jsonl,118,46602
sessions,2024,,/content/drive/MyDrive/openf1_big_data_pipeline/data/bronze/sessions/year=2024/sessions.jsonl,123,48559
sessions,2025,,/content/drive/MyDrive/openf1_big_data_pipeline/data/bronze/sessions/year=2025/sessions.jsonl,123,48618
weather,2023,7779.0,/content/drive/MyDrive/openf1_big_data_pipeline/data/bronze/weather/year=2023/session_key=7779.jsonl,148,34609
weather,2023,7787.0,/content/drive/MyDrive/openf1_big_data_pipeline/data/bronze/weather/year=2023/session_key=7787.jsonl,222,51862
weather,2023,7953.0,/content/drive/MyDrive/openf1_big_data_pipeline/data/bronze/weather/year=2023/session_key=7953.jsonl,161,37641
weather,2023,9069.0,/content/drive/MyDrive/openf1_big_data_pipeline/data/bronze/weather/year=2023/session_key=9069.jsonl,82,19123
weather,2023,9070.0,/content/drive/MyDrive/openf1_big_data_pipeline/data/bronze/weather/year=2023/session_key=9070.jsonl,160,37341
weather,2023,9078.0,/content/drive/MyDrive/openf1_big_data_pipeline/data/bronze/weather/year=2023/session_key=9078.jsonl,155,36267
weather,2023,9094.0,/content/drive/MyDrive/openf1_big_data_pipeline/data/bronze/weather/year=2023/session_key=9094.jsonl,176,41134
weather,2023,9102.0,/content/drive/MyDrive/openf1_big_data_pipeline/data/bronze/weather/year=2023/session_key=9102.jsonl,154,35949
weather,2023,9110.0,/content/drive/MyDrive/openf1_big_data_pipeline/data/bronze/weather/year=2023/session_key=9110.jsonl,162,37908
weather,2023,9117.0,/content/drive/MyDrive/openf1_big_data_pipeline/data/bronze/weather/year=2023/session_key=9117.jsonl,97,22540
weather,2023,9118.0,/content/drive/MyDrive/openf1_big_data_pipeline/data/bronze/weather/year=2023/session_key=9118.jsonl,153,35545
weather,2023,9126.0,/content/drive/MyDrive/openf1_big_data_pipeline/data/bronze/weather/year=2023/session_key=9126.jsonl,151,35334
weather,2023,9133.0,/content/drive/MyDrive/openf1_big_data_pipeline/data/bronze/weather/year=2023/session_key=9133.jsonl,164,38171
weather,2023,9140.0,/content/drive/MyDrive/openf1_big_data_pipeline/data/bronze/weather/year=2023/session_key=9140.jsonl,120,27928
weather,2023,9141.0,/content/drive/MyDrive/openf1_big_data_pipeline/data/bronze/weather/year=2023/session_key=9141.jsonl,150,34901
weather,2023,9149.0,/content/drive/MyDrive/openf1_big_data_pipeline/data/bronze/weather/year=2023/session_key=9149.jsonl,209,48905
weather,2023,9157.0,/content/drive/MyDrive/openf1_big_data_pipeline/data/bronze/weather/year=2023/session_key=9157.jsonl,156,36462
weather,2023,9165.0,/content/drive/MyDrive/openf1_big_data_pipeline/data/bronze/weather/year=2023/session_key=9165.jsonl,176,41180
weather,2023,9221.0,/content/drive/MyDrive/openf1_big_data_pipeline/data/bronze/weather/year=2023/session_key=9221.jsonl,159,37180
weather,2024,9472.0,/content/drive/MyDrive/openf1_big_data_pipeline/data/bronze/weather/year=2024/session_key=9472.jsonl,157,36611
weather,2024,9480.0,/content/drive/MyDrive/openf1_big_data_pipeline/data/bronze/weather/year=2024/session_key=9480.jsonl,146,34041
weather,2024,9488.0,/content/drive/MyDrive/openf1_big_data_pipeline/data/bronze/weather/year=2024/session_key=9488.jsonl,144,33646
weather,2024,9496.0,/content/drive/MyDrive/openf1_big_data_pipeline/data/bronze/weather/year=2024/session_key=9496.jsonl,181,42354
weather,2024,9506.0,/content/drive/MyDrive/openf1_big_data_pipeline/data/bronze/weather/year=2024/session_key=9506.jsonl,82,19187
weather,2024,9507.0,/content/drive/MyDrive/openf1_big_data_pipeline/data/bronze/weather/year=2024/session_key=9507.jsonl,150,35099
weather,2024,9515.0,/content/drive/MyDrive/openf1_big_data_pipeline/data/bronze/weather/year=2024/session_key=9515.jsonl,143,33456
weather,2024,9523.0,/content/drive/MyDrive/openf1_big_data_pipeline/data/bronze/weather/year=2024/session_key=9523.jsonl,200,46672
weather,2024,9531.0,/content/drive/MyDrive/openf1_big_data_pipeline/data/bronze/weather/year=2024/session_key=9531.jsonl,113,26287
weather,2024,9539.0,/content/drive/MyDrive/openf1_big_data_pipeline/data/bronze/weather/year=2024/session_key=9539.jsonl,154,36013
weather,2024,9549.0,/content/drive/MyDrive/openf1_big_data_pipeline/data/bronze/weather/year=2024/session_key=9549.jsonl,78,18145
weather,2024,9550.0,/content/drive/MyDrive/openf1_big_data_pipeline/data/bronze/weather/year=2024/session_key=9550.jsonl,143,33278
weather,2024,9558.0,/content/drive/MyDrive/openf1_big_data_pipeline/data/bronze/weather/year=2024/session_key=9558.jsonl,147,34236
weather,2024,9566.0,/content/drive/MyDrive/openf1_big_data_pipeline/data/bronze/weather/year=2024/session_key=9566.jsonl,155,36082
weather,2024,9574.0,/content/drive/MyDrive/openf1_big_data_pipeline/data/bronze/weather/year=2024/session_key=9574.jsonl,137,31819
weather,2024,9582.0,/content/drive/MyDrive/openf1_big_data_pipeline/data/bronze/weather/year=2024/session_key=9582.jsonl,153,35802
weather,2024,9590.0,/content/drive/MyDrive/openf1_big_data_pipeline/data/bronze/weather/year=2024/session_key=9590.jsonl,133,30982
weather,2024,9598.0,/content/drive/MyDrive/openf1_big_data_pipeline/data/bronze/weather/year=2024/session_key=9598.jsonl,152,35481
weather,2024,9606.0,/content/drive/MyDrive/openf1_big_data_pipeline/data/bronze/weather/year=2024/session_key=9606.jsonl,160,37409
weather,2024,9616.0,/content/drive/MyDrive/openf1_big_data_pipeline/data/bronze/weather/year=2024/session_key=9616.jsonl,81,18947
weather,2024,9617.0,/content/drive/MyDrive/openf1_big_data_pipeline/data/bronze/weather/year=2024/session_key=9617.jsonl,155,36238
weather,2024,9625.0,/content/drive/MyDrive/openf1_big_data_pipeline/data/bronze/weather/year=2024/session_key=9625.jsonl,159,37040
weather,2024,9635.0,/content/drive/MyDrive/openf1_big_data_pipeline/data/bronze/weather/year=2024/session_key=9635.jsonl,76,17627
weather,2024,9636.0,/content/drive/MyDrive/openf1_big_data_pipeline/data/bronze/weather/year=2024/session_key=9636.jsonl,201,46770
weather,2024,9644.0,/content/drive/MyDrive/openf1_big_data_pipeline/data/bronze/weather/year=2024/session_key=9644.jsonl,143,33317
weather,2024,9654.0,/content/drive/MyDrive/openf1_big_data_pipeline/data/bronze/weather/year=2024/session_key=9654.jsonl,74,17277
weather,2024,9655.0,/content/drive/MyDrive/openf1_big_data_pipeline/data/bronze/weather/year=2024/session_key=9655.jsonl,151,35183
weather,2024,9662.0,/content/drive/MyDrive/openf1_big_data_pipeline/data/bronze/weather/year=2024/session_key=9662.jsonl,148,34598
weather,2024,9672.0,/content/drive/MyDrive/openf1_big_data_pipeline/data/bronze/weather/year=2024/session_key=9672.jsonl,80,18715
weather,2025,10006.0,/content/drive/MyDrive/openf1_big_data_pipeline/data/bronze/weather/year=2025/session_key=10006.jsonl,140,32875
weather,2025,10014.0,/content/drive/MyDrive/openf1_big_data_pipeline/data/bronze/weather/year=2025/session_key=10014.jsonl,158,36961
weather,2025,10022.0,/content/drive/MyDrive/openf1_big_data_pipeline/data/bronze/weather/year=2025/session_key=10022.jsonl,142,33342
weather,2025,10028.0,/content/drive/MyDrive/openf1_big_data_pipeline/data/bronze/weather/year=2025/session_key=10028.jsonl,114,26763
weather,2025,10033.0,/content/drive/MyDrive/openf1_big_data_pipeline/data/bronze/weather/year=2025/session_key=10033.jsonl,149,34962
weather,2025,9883.0,/content/drive/MyDrive/openf1_big_data_pipeline/data/bronze/weather/year=2025/session_key=9883.jsonl,89,20703
weather,2025,9888.0,/content/drive/MyDrive/openf1_big_data_pipeline/data/bronze/weather/year=2025/session_key=9888.jsonl,154,36025
weather,2025,9896.0,/content/drive/MyDrive/openf1_big_data_pipeline/data/bronze/weather/year=2025/session_key=9896.jsonl,161,37643
weather,2025,9904.0,/content/drive/MyDrive/openf1_big_data_pipeline/data/bronze/weather/year=2025/session_key=9904.jsonl,156,36445
weather,2025,9912.0,/content/drive/MyDrive/openf1_big_data_pipeline/data/bronze/weather/year=2025/session_key=9912.jsonl,144,33539
weather,2025,9920.0,/content/drive/MyDrive/openf1_big_data_pipeline/data/bronze/weather/year=2025/session_key=9920.jsonl,159,37204
weather,2025,9928.0,/content/drive/MyDrive/openf1_big_data_pipeline/data/bronze/weather/year=2025/session_key=9928.jsonl,136,31687
weather,2025,9934.0,/content/drive/MyDrive/openf1_big_data_pipeline/data/bronze/weather/year=2025/session_key=9934.jsonl,80,18612
weather,2025,9939.0,/content/drive/MyDrive/openf1_big_data_pipeline/data/bronze/weather/year=2025/session_key=9939.jsonl,223,51935
weather,2025,9947.0,/content/drive/MyDrive/openf1_big_data_pipeline/data/bronze/weather/year=2025/session_key=9947.jsonl,155,36019
weather,2025,9955.0,/content/drive/MyDrive/openf1_big_data_pipeline/data/bronze/weather/year=2025/session_key=9955.jsonl,161,37382
weather,2025,9963.0,/content/drive/MyDrive/openf1_big_data_pipeline/data/bronze/weather/year=2025/session_key=9963.jsonl,167,39014
weather,2025,9971.0,/content/drive/MyDrive/openf1_big_data_pipeline/data/bronze/weather/year=2025/session_key=9971.jsonl,155,36182
weather,2025,9979.0,/content/drive/MyDrive/openf1_big_data_pipeline/data/bronze/weather/year=2025/session_key=9979.jsonl,160,37375
weather,2025,9987.0,/content/drive/MyDrive/openf1_big_data_pipeline/data/bronze/weather/year=2025/session_key=9987.jsonl,150,35096
weather,2025,9993.0,/content/drive/MyDrive/openf1_big_data_pipeline/data/bronze/weather/year=2025/session_key=9993.jsonl,84,19648
weather,2025,9998.0,/content/drive/MyDrive/openf1_big_data_pipeline/data/bronze/weather/year=2025/session_key=9998.jsonl,154,36029
